0.0,0.0,1.0,0.8975979010256552
0.8944271909999159,0.0,0.44721359549995804,8.98791901823009
0.7236067977499789,0.5257311121191336,-0.4472135954999579,6.545207273768898
0.276393202250021,0.8506508083520398,0.4472135954999582,3.0547927262310988
-0.27639320225002095,0.85065080835204,-0.4472135954999579,-3.0547927262311028
-0.7236067977499788,0.5257311121191337,0.44721359549995804,-6.5452072737689
-0.8944271909999159,1.0953573965284052e-16,-0.4472135954999579,-8.98791901823009
0.2763932022500209,-0.85065080835204,0.44721359549995804,3.0547927262311054
0.7236067977499788,-0.5257311121191338,-0.4472135954999579,6.545207273768904
-0.7236067977499788,-0.5257311121191337,0.44721359549995804,-6.5452072737689
-0.2763932022500211,-0.8506508083520399,-0.4472135954999579,-3.0547927262310948
1.2246467991473532e-16,0.0,-1.0,-0.8975979010256552
0.6881909602355868,0.5,0.5257311121191336,-6.209203043727623
0.9510565162951535,0.3090169943749474,6.123233995736766e-17,0.0
0.587785252292473,0.8090169943749475,6.123233995736766e-17,0.0
0.1624598481164531,-0.5,0.85065080835204,1.3659766277412508
0.9510565162951535,-0.30901699437494756,6.123233995736766e-17,0.0
-0.26286555605956674,0.8090169943749475,0.5257311121191336,3.0238475677981405
0.5257311121191336,0.0,0.85065080835204,2.7130605574800057
0.26286555605956685,0.8090169943749475,-0.5257311121191335,-3.023847567798136
6.123233995736766e-17,1.0,6.123233995736766e-17,0.0
-0.587785252292473,0.8090169943749475,6.123233995736766e-17,0.0
0.42532540417602005,0.3090169943749475,-0.8506508083520399,0.8136509562748326
-0.8506508083520397,1.041746789640434e-16,0.525731112119134,8.730186665569057
0.16245984811645317,0.49999999999999994,0.85065080835204,1.365976627741249
-0.6881909602355868,0.5000000000000001,-0.5257311121191335,6.209203043727625
-0.4253254041760197,0.30901699437494734,0.8506508083520401,-0.8136509562748309
-0.9510565162951535,-0.3090169943749475,6.123233995736766e-17,0.0
-0.16245984811645314,0.5000000000000001,-0.8506508083520399,-1.3659766277412502
0.6881909602355867,-0.5000000000000001,0.5257311121191336,-6.209203043727626
0.5877852522924729,-0.8090169943749476,6.123233995736766e-17,0.0
-0.4253254041760197,-0.30901699437494734,0.8506508083520401,-0.8136509562748309
-0.26286555605956674,-0.8090169943749475,0.5257311121191336,3.0238475677981405
0.42532540417602,-0.30901699437494756,-0.8506508083520399,0.8136509562748333
-1.6081226496766366e-16,-1.0,6.123233995736766e-17,0.0
-0.587785252292473,-0.8090169943749475,6.123233995736766e-17,0.0
-0.9510565162951535,0.3090169943749475,6.123233995736766e-17,0.0
-0.6881909602355868,-0.5000000000000001,-0.5257311121191335,6.209203043727625
-0.16245984811645311,-0.49999999999999967,-0.8506508083520401,-1.3659766277412473
-0.5257311121191333,6.438349236688749e-17,-0.8506508083520401,-2.7130605574800013
0.2628655560595667,-0.8090169943749476,-0.5257311121191335,-3.023847567798143
0.85065080835204,-1.3051454412604205e-16,-0.5257311121191335,-8.73018666556906
1.0,-8.755181781546777e-17,6.123233995736766e-17,0.0
0.447213595499958,0.5257311121191336,0.723606797749979,-4.023804686371624
0.8618033988749895,0.42532540417602,0.27639320225002123,-1.591058592352535
-0.30901699437494734,0.9510565162951536,6.123233995736766e-17,0.0
0.1381966011250105,0.9510565162951535,-0.27639320225002106,-6.175504553646966
-0.13819660112501037,0.9510565162951535,0.27639320225002123,6.175504553646967
-0.6708203932499369,0.6881909602355867,-0.27639320225002106,6.815980951852158
0.36180339887498963,0.5877852522924731,-0.7236067977499788,2.2779066526213114
-0.3618033988749893,-0.5877852522924731,0.723606797749979,-2.277906652621302
0.13819660112501028,-0.9510565162951535,-0.27639320225002106,-6.175504553646968
0.9472135954999579,-0.16245984811645328,-0.27639320225002106,-5.750582194147341
0.36180339887498947,-0.5877852522924732,-0.7236067977499788,2.277906652621307
-0.9472135954999579,0.16245984811645311,0.27639320225002123,5.750582194147344
-0.8618033988749894,-0.42532540417602016,-0.27639320225002106,1.5910585923525413
-0.44721359549995804,0.5257311121191337,-0.7236067977499788,4.0238046863716255
0.1381966011250106,0.4253254041760201,-0.8944271909999159,-1.1345078119618226
0.6708203932499368,0.6881909602355867,0.27639320225002123,-6.815980951852158
0.6381966011250105,0.2628655560595668,0.723606797749979,0.688656493378189
0.22810871757806275,0.702046444776163,0.6746089254835289,2.4624500491499286
0.9592525822271165,0.16062203564002311,0.23245439371512033,5.124584479315498
0.9472135954999579,0.1624598481164531,-0.27639320225002106,-5.750582194147344
0.8090169943749473,0.5877852522924732,6.123233995736766e-17,0.0
0.6816403771773873,0.6937804775604491,-0.23245439371512022,6.027813026146976
0.9592525822271165,-0.1606220356400232,0.23245439371512033,5.124584479315497
0.30901699437494745,0.9510565162951535,6.123233995736766e-17,0.0
0.5013752464907344,0.702046444776163,0.505720922627792,-6.180099642786792
0.5127523743216503,0.6937804775604494,-0.5057209226277919,6.502124045638249
0.3618033988749893,-0.26286555605956674,0.894427190999916,-0.06549218803817702
-0.05278640450004209,-0.6881909602355868,0.723606797749979,5.347015706878315
-0.2210772658842041,-0.16062203564002303,0.9619383577839176,0.7332455666265234
0.5013752464907343,-0.7020464447761631,0.505720922627792,-6.180099642786789
0.8090169943749473,-0.5877852522924732,6.123233995736766e-17,0.0
0.8618033988749895,-0.42532540417602005,0.27639320225002123,-1.5910585923525362
0.8182736416337228,-0.2732665289126718,-0.5057209226277923,-2.788887396285716
0.8226193177707806,-0.25989191300775444,0.505720922627792,3.3099338253062696
-0.05278640450004209,0.6881909602355868,0.723606797749979,5.347015706878315
-0.4472135954999577,0.85065080835204,0.27639320225002123,-2.2785974126027178
0.14366471615019427,0.9619383577839173,0.23245439371512056,5.383526750136182
-0.5971963757495186,0.43388856455269476,0.6746089254835291,-4.25595864725136
0.3618033988749895,0.2628655560595668,0.8944271909999159,-0.06549218803817802
0.6381966011250103,-0.2628655560595668,0.723606797749979,0.6886564933781868
0.08444400142786843,-0.2598919130077544,0.9619383577839175,0.9131613505041778
0.447213595499958,-0.5257311121191336,0.723606797749979,-4.023804686371624
0.8226193177707807,0.2598919130077543,0.505720922627792,3.309933825306275
0.05278640450004203,0.6881909602355869,-0.7236067977499788,-5.3470157068783175
0.597196375749519,0.433888564552695,-0.6746089254835287,4.255958647251361
-0.14366471615019413,0.9619383577839175,-0.23245439371512022,-5.38352675013618
0.44918598346226696,0.8626684804161862,0.23245439371512033,-1.92801135960111
0.4472135954999578,0.85065080835204,-0.27639320225002106,2.278597412602721
-0.44918598346226707,0.8626684804161862,-0.23245439371512022,1.9280113596011121
-0.8090169943749473,0.5877852522924732,6.123233995736766e-17,0.0
-0.5127523743216503,0.6937804775604492,0.505720922627792,-6.502124045638251
-0.5013752464907344,0.7020464447761632,-0.5057209226277919,6.180099642786789
0.4472135954999581,-2.91839392718226e-17,-0.8944271909999159,-1.8761485984616972
-0.08444400142786836,0.25989191300775427,-0.9619383577839175,-0.9131613505041778
0.818273641633723,0.27326652891267156,-0.5057209226277923,-2.788887396285725
-0.9472135954999579,-0.16245984811645311,0.27639320225002123,5.750582194147344
-0.6708203932499367,0.16245984811645311,0.7236067977499792,3.5135788528778087
-0.5971963757495186,-0.43388856455269476,0.6746089254835291,-4.25595864725136
-0.8704629046621906,0.43388856455269487,0.23245439371512033,-1.509033964289173
-0.1381966011250103,0.42532540417601983,0.894427190999916,1.1345078119618235
0.007031451693858531,0.8626684804161862,0.505720922627792,8.853072660110367
-0.3618033988749893,0.5877852522924731,0.723606797749979,-2.277906652621302
0.27326652891267167,0.0,0.9619383577839175,1.0243554200531486
-0.6381966011250105,0.26286555605956696,-0.7236067977499788,-0.6886564933781844
-0.8618033988749894,0.42532540417602016,-0.27639320225002106,1.5910585923525413
-0.9592525822271165,0.16062203564002328,-0.23245439371512022,-5.124584479315495
-0.22810871757806275,0.7020464447761633,-0.6746089254835287,-2.462450049149932
-0.4472135954999576,5.4767869826420225e-17,0.8944271909999161,1.876148598461694
-0.8182736416337232,0.27326652891267184,0.505720922627792,2.788887396285717
-0.6708203932499367,-0.16245984811645311,0.7236067977499792,3.5135788528778087
0.08444400142786854,0.2598919130077544,0.9619383577839175,0.9131613505041776
-0.8090169943749473,-0.5877852522924732,6.123233995736766e-17,0.0
-1.0,1.2246467991473532e-16,6.123233995736766e-17,0.0
-0.8182736416337232,-0.27326652891267184,0.505720922627792,2.788887396285717
-0.8226193177707808,-0.2598919130077545,-0.5057209226277919,-3.3099338253062704
-0.3618033988749896,0.26286555605956696,-0.8944271909999159,0.06549218803817858
-0.27326652891267156,3.3465497994701085e-17,-0.9619383577839175,-1.0243554200531482
-0.007031451693858426,0.8626684804161863,-0.5057209226277919,-8.853072660110367
0.6708203932499367,-0.6881909602355869,0.27639320225002123,-6.815980951852158
0.7381753163429122,0.0,0.6746089254835289,6.6146549738388
0.4491859834622668,-0.8626684804161863,0.23245439371512033,-1.9280113596011046
0.4472135954999578,-0.85065080835204,-0.27639320225002106,2.278597412602721
0.14366471615019405,-0.9619383577839175,0.23245439371512033,5.383526750136181
0.3090169943749473,-0.9510565162951536,6.123233995736766e-17,0.0
0.8704629046621905,-0.433888564552695,-0.23245439371512022,1.5090339642891766
-0.5127523743216503,-0.6937804775604492,0.505720922627792,-6.502124045638251
-0.2210772658842041,0.16062203564002303,0.9619383577839176,0.7332455666265234
-0.1381966011250106,-0.9510565162951535,0.27639320225002123,6.175504553646964
-0.13819660112501042,-0.42532540417601983,0.894427190999916,1.1345078119618226
-0.6816403771773872,-0.6937804775604494,0.23245439371512033,-6.027813026146975
0.22810871757806264,-0.7020464447761631,0.6746089254835289,2.4624500491499335
0.1381966011250106,-0.4253254041760201,-0.8944271909999159,-1.1345078119618226
0.670820393249937,-0.16245984811645328,-0.7236067977499788,-3.513578852877809
0.22107726588420423,0.16062203564002303,-0.9619383577839175,-0.7332455666265234
0.670820393249937,0.16245984811645311,-0.7236067977499788,-3.5135788528778136
0.5127523743216502,-0.6937804775604495,-0.5057209226277919,6.502124045638245
-0.30901699437494734,-0.9510565162951536,6.123233995736766e-17,0.0
-0.4472135954999577,-0.85065080835204,0.27639320225002123,-2.2785974126027178
-0.0070314516938586175,-0.8626684804161863,-0.5057209226277919,-8.853072660110367
0.007031451693858339,-0.8626684804161862,0.505720922627792,8.853072660110367
-0.6708203932499369,-0.6881909602355867,-0.27639320225002106,6.815980951852158
-0.8704629046621906,-0.43388856455269487,0.23245439371512033,-1.509033964289173
-0.14366471615019435,-0.9619383577839173,-0.23245439371512022,-5.383526750136177
-0.9592525822271165,-0.16062203564002328,-0.23245439371512022,-5.124584479315495
-0.6816403771773872,0.6937804775604494,0.23245439371512033,-6.027813026146975
-0.44721359549995804,-0.5257311121191337,-0.7236067977499788,4.0238046863716255
-0.7381753163429121,9.040040383689321e-17,-0.674608925483529,-6.614654973838799
-0.44918598346226707,-0.8626684804161862,-0.23245439371512022,1.9280113596011121
0.05278640450004201,-0.6881909602355866,-0.7236067977499792,-5.3470157068783095
-0.36180339887498975,-0.26286555605956674,-0.8944271909999159,0.06549218803817736
-0.5013752464907344,-0.7020464447761632,-0.5057209226277919,6.180099642786789
-0.6381966011250103,-0.26286555605956685,-0.7236067977499792,-0.6886564933781845
0.22107726588420418,-0.1606220356400231,-0.9619383577839175,-0.7332455666265234
-0.8226193177707808,0.2598919130077545,-0.5057209226277919,-3.3099338253062704
-0.08444400142786847,-0.25989191300775427,-0.9619383577839175,-0.9131613505041775
-0.22810871757806292,-0.7020464447761632,-0.6746089254835287,-2.462450049149927
0.6816403771773871,-0.6937804775604494,-0.23245439371512022,6.027813026146975
0.8704629046621906,0.4338885645526948,-0.23245439371512022,1.5090339642891712
0.5971963757495189,-0.43388856455269514,-0.6746089254835287,4.255958647251365
0.9867151553259831,-0.08232358003196028,-0.1400572398012416,-3.942413483596413
0.8466579155247417,0.513375441230448,0.14005723980124152,-2.1862199892163225
-0.21008585970186222,0.6465777917977316,0.7333492283402899,2.1106060777855
-0.38320612883718574,0.912982492932299,0.1400572398012417,0.04980621434758857
-0.7766292956241206,0.5642542117657715,-0.2801144796024832,5.52206696869767
-0.12464365749479694,0.38361373268504756,-0.9150434212329842,-1.0458825454795386
0.29664599426952404,-0.912982492932299,-0.2801144796024832,-2.456709841564715
0.7626973786718573,-0.38361373268504784,0.5207045348972125,-1.9317610841653448
0.5500119212552173,-0.3996070517018512,0.7333492283402899,-3.1440577051345113
0.21008585970186228,-0.6465777917977314,-0.7333492283402901,-2.110606077785496
0.516196303756416,0.37503856747820974,-0.7699918498868065,2.406233517547319
-0.3915526462616189,-0.7586523001632575,0.5207045348972125,-2.2612204040506607
-0.9643750529805395,0.23708632535057603,-0.11734918627984783,-2.057215971195979
-0.7766292956241206,-0.5642542117657715,-0.2801144796024832,5.52206696869767
-0.7626973786718573,-0.38361373268504784,-0.5207045348972124,1.9317610841653452
0.1291518886355932,-0.8439114746223901,-0.5207045348972124,-7.281501210386304
-0.40995468145397573,0.3996070517018512,-0.8199093629079518,1.9028183218813366
0.2533659269856933,0.5133754412304478,-0.8199093629079518,-0.04893926319735442
0.565796535141925,0.7834516983633133,0.2570558638759921,-5.165325029391583
0.8918757806895997,0.22011702747329237,-0.39510262721935796,-5.1413180795678946
0.9718713712324691,-4.218104256276229e-17,0.23551228795695603,6.5147244411999425
0.640839961251213,0.7586523001632576,-0.11734918627984783,3.127445790666255
0.2030307237113454,0.8910065241883678,-0.40606144742269096,-5.671039061621118
0.320819927623878,-0.13279247682790246,0.9377850138157042,0.842169436296844
-0.3984702312962002,-0.45399049973954675,0.7969404625924006,-2.360738865500608
-0.02311414854557853,-0.7834516983633131,0.6210226827328075,7.539815172651329
0.6005247917852502,-0.6068251492718142,0.5207045348972125,-7.829487387065655
0.7530392624941292,-0.6474118938822243,-0.11742959082841685,3.1668175654395823
-0.4844604110891231,0.5161216200510611,0.7063402745159205,-4.643992247284672
0.6714605745782998,-0.3861873855875921,0.6324555320336759,-2.808327116296033
0.5622749595445075,0.5712516591357089,-0.5979284336807562,6.864019664964698
0.3003247700573162,0.9243046006113461,0.23551228795695603,2.1592311501861445
0.3832061288371859,0.9129824929322992,-0.14005723980124138,-0.0498062143475865
-0.3003247700573163,0.9243046006113461,-0.23551228795695592,-2.1592311501861423
-0.22868239740661653,0.9663925974024392,-0.11742959082841685,-2.155349780263426
0.8425176355598952,-0.1379522421276338,-0.5207045348972124,-7.077884152786745
0.6798521231067103,-8.43878057385039e-17,-0.7333492283402898,-5.358166895083164
0.3376022330766891,-0.08114185161993968,-0.9377850138157042,-1.0817676967579795
0.47920109316532644,0.6202395826134469,0.6210226827328075,-5.577896946809151
0.11911669719541618,0.7926492292592814,0.5979284336807564,6.6618462515676455
-0.1814953140870267,0.2960045925777685,0.9377850138157043,0.6010676067205148
-0.6953053823282864,0.1327924768279026,-0.7063402745159209,-4.509359663772011
-0.3695400948546945,0.7112817349622162,-0.5979284336807565,1.9732776633052147
-0.7170451308761723,0.3582287934865791,0.5979284336807565,-1.5272195885062194
-0.11911669719541611,0.7926492292592815,-0.5979284336807562,-6.661846251567646
0.9643750529805394,-0.23708632535057608,0.11734918627984796,2.057215971195978
0.06995961957075388,-0.9876883405951378,-0.13991923914150833,-4.000088792176042
0.3832061288371859,-0.9129824929322992,-0.1400572398012416,-0.0498062143475866
0.4849485064305037,-0.7802043707101268,-0.39510262721935774,4.778770911309754
-0.5665434359222582,-0.08232358003196003,0.8199093629079519,2.9501208477690417
0.12464365749479694,-0.3836137326850476,0.9150434212329842,1.045882545479539
-0.32632133180347905,-0.23708632535057592,0.9150434212329842,0.23348379831222998
-0.6405673300787853,-0.301258879093232,0.7063402745159205,-0.35843686300827393
-0.4844604110891231,-0.5161216200510611,0.7063402745159205,-4.643992247284672
0.22868239740661644,-0.9663925974024392,0.11742959082841696,2.155349780263427
-0.45399049973954675,-0.8910065241883679,6.123233995736766e-17,0.0
-0.3830233708614128,-0.9162441751912157,-0.11742959082841685,-0.0607456231594
-0.570266098213617,-0.7802043707101268,0.2570558638759921,-5.255729957994632
-0.7862604556735509,0.5712516591357087,0.23551228795695603,-4.88810503244633
-0.5067318539713864,-0.2664047011345674,-0.8199093629079518,0.20788926268869556
-0.6953053823282864,-0.13279247682790227,-0.7063402745159209,-4.509359663772018
-0.40335534861736416,4.939678366032198e-17,-0.9150434212329842,-1.5479725836467666
0.5234907749713649,-0.8439114746223902,0.11734918627984796,-1.9671985929492306
0.6050523828116505,-0.7029070304877735,-0.3739429375517128,7.597069071192831
0.9599666027091932,-9.845244002825453e-17,-0.2801144796024832,-7.387865098956331
0.8554757804709294,0.3582287934865789,-0.3739429375517128,-0.20736028487160954
0.918240366469726,-0.30125887909323223,-0.25705586387599194,-2.2359701722767635
0.9897607241720385,-0.08114185161993971,0.11742959082841696,3.350025936618669
0.9867151553259832,0.0823235800319601,-0.1400572398012416,-3.942413483596414
0.9609661437591219,-0.23867693031959333,-0.13991923914150833,-2.393872770606373
0.9643750529805394,0.23708632535057597,0.11734918627984796,2.05721597119598
0.34115432982196064,0.620239582613447,0.7063402745159205,-1.6355285434157616
0.5500119212552174,0.39960705170185107,0.7333492283402899,-3.1440577051345087
0.2653991271556089,0.386187385587592,0.8834153080618772,-0.1565145779310928
0.6005247917852502,0.6068251492718142,0.5207045348972125,-7.829487387065655
0.9199475876482511,0.29600459257776857,0.2570558638759921,2.382248419507019
0.7766292956241206,0.5642542117657715,0.2801144796024833,-5.52206696869767
0.8910065241883679,0.4539904997395468,6.123233995736766e-17,0.0
0.7626973786718573,0.3836137326850477,0.5207045348972125,-1.9317610841653416
-0.3830233708614128,0.9162441751912157,-0.11742959082841685,-0.0607456231594
-0.22661737436890325,0.9638612634676226,0.1400572398012417,2.560473290058528
-0.5239501193103008,0.840177885327139,0.13991923914150844,-2.3470312642502886
-0.07252578567308887,0.9904388819568619,-0.11734918627984783,-3.3841937589407927
-0.0027623418931670557,0.9663925974024391,-0.25705586387599194,-6.956500414909567
0.29664599426952404,0.912982492932299,-0.2801144796024832,-2.456709841564715
0.15643446504023092,0.9876883405951378,6.123233995736766e-17,0.0
0.12915188863559338,0.8439114746223901,-0.5207045348972124,-7.2815012103863
0.002762341893167174,0.9663925974024391,0.2570558638759921,6.956500414909567
-0.29664599426952387,0.912982492932299,0.2801144796024833,2.4567098415647184
-0.1564344650402308,0.9876883405951378,6.123233995736766e-17,0.0
-0.1291518886355933,0.8439114746223901,0.5207045348972125,7.281501210386303
-0.749880743007331,0.6465777917977316,-0.1400572398012416,3.7378975764409916
-0.5921611209220515,0.7023098467433736,-0.39510262721935774,7.604655955854012
-0.523490774971365,0.8439114746223904,-0.11734918627984783,1.967198592949232
-0.7846576168837921,0.4684298508669545,-0.40606144742269096,4.305672449929972
0.48446041108912324,0.516121620051061,-0.7063402745159205,4.643992247284673
0.21008585970186236,0.6465777917977318,-0.7333492283402898,-2.110606077785498
0.28527318899070764,0.3717480344601844,-0.8834153080618773,0.3137421932874074
0.39155264626161884,0.7586523001632575,-0.5207045348972124,2.2612204040506576
-0.25336592698569305,-0.513375441230448,0.8199093629079518,0.04893926319735964
-0.4418016151975666,-0.647411893882224,0.6210226827328075,-4.604984445875437
-0.5161963037564157,-0.3750385674782096,0.7699918498868067,-2.4062335175473173
-0.15979330097660707,-0.7579354200477765,0.6324555320336759,5.171710089031075
0.2266173743689032,-0.9638612634676228,-0.1400572398012416,-2.560473290058529
0.06626103977851563,-0.9162441751912158,-0.39510262721935774,-8.446385202809683
-0.07252578567308908,-0.9904388819568618,-0.11734918627984806,-3.384193758940796
0.35946518875157624,-0.8401778853271388,-0.40606144742269096,0.028841133825797616
0.8918757806895997,-0.2201170274732925,-0.39510262721935796,-5.14131807956789
0.9195516523737802,-0.3750385674782098,-0.11734918627984806,-0.1798965699380157
0.9101375048978929,0.08224246527936219,-0.40606144742269096,-8.314266179123438
0.25336592698569316,-0.5133754412304479,-0.8199093629079518,-0.04893926319735675
0.4418016151975665,-0.6474118938822241,-0.6210226827328076,4.604984445875434
0.516196303756416,-0.37503856747820974,-0.7699918498868065,2.406233517547319
0.15979330097660707,-0.7579354200477767,-0.6324555320336758,-5.171710089031076
-0.9182403664697261,0.3012588790932319,0.2570558638759921,2.235970172276773
-0.9599666027091932,1.1756200272961724e-16,0.2801144796024833,7.387865098956331
-0.9876883405951377,0.15643446504023098,6.123233995736766e-17,0.0
-0.8425176355598952,0.1379522421276338,0.5207045348972125,7.077884152786746
-0.8466579155247415,-0.5133754412304481,-0.1400572398012416,2.1862199892163283
-0.8509242059765681,-0.34615301478899235,-0.39510262721935774,-0.5689400291952795
-0.9643750529805395,-0.23708632535057603,-0.11734918627984783,-2.057215971195979
-0.6879758004770224,-0.6015009550075457,-0.40606144742269074,7.8283921425185525
-0.34115432982196076,0.620239582613447,-0.7063402745159205,1.6355285434157636
-0.5500119212552175,0.3996070517018513,-0.7333492283402898,3.1440577051345118
-0.26539912715560876,0.386187385587592,-0.8834153080618773,0.1565145779310908
-0.6005247917852502,0.6068251492718142,-0.5207045348972124,7.829487387065655
0.027154340632230923,0.34615301478899213,-0.9377850138157042,-1.2307768221859365
0.09677717251741055,0.5642542117657714,-0.8199093629079518,-2.791392089490932
-0.055520268443346586,0.6015009550075457,-0.7969404625924004,-3.6852019731191827
0.32632133180347905,0.23708632535057586,-0.9150434212329842,-0.2334837983122312
0.7498807430073307,0.6465777917977319,0.1400572398012417,-3.737897576440994
0.5921611209220513,0.7023098467433735,0.39510262721935785,-7.604655955854011
0.5234907749713651,0.8439114746223901,0.11734918627984818,-1.9671985929492357
0.7846576168837922,0.4684298508669543,0.40606144742269107,-4.305672449929965
0.5067318539713864,0.2664047011345674,0.8199093629079518,-0.20788926268869679
0.7379641782198433,0.2640827506590654,0.6210226827328075,1.9280020039971495
0.40995468145397584,0.39960705170185107,0.8199093629079518,-1.9028183218813381
0.6380537211770603,0.0,0.7699918498868065,4.519711080245817
0.57477875817153,0.5192584897281832,0.6324555320336759,-6.122822365910324
0.08856802901766099,0.7023098467433736,0.7063402745159205,5.298645729013566
0.3695400948546948,0.7112817349622162,0.5979284336807564,-1.973277663305225
0.3086365498903473,0.5192584897281832,0.7969404625924005,-1.013947380339379
0.14308033494399108,0.8649293358632748,0.4810667954821137,7.188666095262249
0.9026560464350906,0.21302286564912967,0.37394293755171293,5.317628298705086
0.9177287210243836,0.3717480344601846,0.13991923914150844,0.25188085192405985
0.8509242059765681,0.346153014788992,0.39510262721935785,0.5689400291952911
0.9357870571299767,-0.08108629344330356,0.34311455335448005,7.846305150197594
0.9182403664697261,0.301258879093232,-0.25705586387599194,-2.2359701722767706
0.9876883405951378,0.15643446504023079,6.123233995736766e-17,0.0
0.8425176355598952,0.13795224212763363,-0.5207045348972124,-7.077884152786749
0.7530392624941293,0.6474118938822241,-0.11742959082841685,3.1668175654395814
0.6371471616157934,0.7579354200477766,0.13991923914150844,-3.6708550736235623
0.9195516523737803,0.3750385674782097,-0.11734918627984806,-0.17989656993801723
0.5702660982136172,0.7802043707101266,-0.25705586387599194,5.255729957994637
0.7862604556735509,0.5712516591357087,-0.23551228795695592,4.88810503244633
0.7071067811865472,0.7071067811865477,6.123233995736766e-17,0.0
0.8484272299459387,0.5161216200510611,-0.11742959082841685,1.8722810033724697
0.6241471304261046,0.6156420208736809,-0.48106679548211356,8.09007369960681
0.9199475876482511,-0.2960045925777686,0.2570558638759919,2.382248419507017
0.9876883405951377,-0.156434465040231,6.123233995736766e-17,0.0
0.9897607241720385,0.08114185161993959,0.11742959082841696,3.3500259366186693
0.8668109360661598,-0.13120037881301286,0.4810667954821137,7.463631645676068
0.3830233708614127,0.9162441751912158,0.11742959082841696,0.06074562315940136
0.07252578567308898,0.9904388819568618,0.11734918627984818,3.3841937589407967
0.5239501193103008,0.8401778853271389,-0.13991923914150833,2.3470312642502904
0.4815328429192164,0.7926492292592815,0.37394293755171293,-4.438749747022324
0.2546860432373742,0.7838430424199713,0.5663259699412464,2.930818719711001
0.6879758004770224,0.6015009550075456,0.40606144742269085,-7.8283921425185525
0.4849485064305039,0.7802043707101267,-0.39510262721935774,4.778770911309761
0.666776717655671,0.484441642060668,-0.5663259699412462,5.833816944534017
0.35946518875157624,0.8401778853271388,-0.40606144742269096,0.028841133825797616
0.5067318539713863,-0.2664047011345675,0.8199093629079518,-0.20788926268869823
0.2254319601720687,-0.2640827506590655,0.9377850138157042,0.4529877381101819
0.4033553486173642,0.0,0.9150434212329842,1.5479725836467677
0.3086365498903472,-0.5192584897281832,0.7969404625924005,-1.0139473803393768
0.08856802901766099,-0.7023098467433736,0.7063402745159205,5.298645729013566
-0.09677717251741062,-0.5642542117657714,0.8199093629079518,2.791392089490931
0.012282845708608171,-0.46842985086695427,0.8834153080618772,2.0637286308242335
-0.1291518886355933,-0.8439114746223901,0.5207045348972125,7.281501210386303
-0.3376022330766888,-0.08114185161993949,0.9377850138157043,1.0817676967579795
-0.06921532479737838,-0.21302286564912973,0.9745924776663455,0.897532989721612
-0.28527318899070764,-0.37174803446018434,0.8834153080618773,-0.3137421932874076
-0.11160570829338312,0.08108629344330347,0.9904388819568619,0.8803098019720933
0.5921611209220513,-0.7023098467433736,0.39510262721935785,-7.60465595585401
0.3695400948546947,-0.7112817349622164,0.5979284336807564,-1.9732776633052187
0.5747787581715299,-0.5192584897281833,0.6324555320336759,-6.122822365910327
0.47920109316532644,-0.6202395826134469,0.6210226827328075,-5.577896946809151
0.36629175153075716,-0.8649293358632749,0.34311455335448005,0.054998455606058816
0.7498807430073307,-0.6465777917977319,0.1400572398012417,-3.737897576440994
0.8484272299459386,-0.5161216200510612,-0.11742959082841685,1.8722810033724713
0.640839961251213,-0.7586523001632576,-0.11734918627984783,3.127445790666255
0.9177287210243836,-0.3717480344601846,0.13991923914150844,0.25188085192405896
0.8509242059765681,-0.3461530147889922,0.39510262721935785,0.5689400291952855
0.7766292956241206,-0.5642542117657715,0.2801144796024833,-5.52206696869767
0.6879758004770221,-0.601500955007546,0.40606144742269085,-7.828392142518558
0.9026560464350906,-0.21302286564912984,0.37394293755171293,5.317628298705081
0.7522495076420247,-0.22011702747329248,-0.6210226827328076,-3.502207498587555
0.8554757804709293,-0.3582287934865791,-0.3739429375517128,-0.20736028487160219
0.910137504897893,-0.08224246527936242,-0.40606144742269074,-8.314266179123434
0.6667767176556708,-0.48444164206066814,-0.5663259699412462,5.833816944534023
0.7379641782198434,-0.2640827506590656,0.6210226827328074,1.9280020039971435
0.8241813488365934,0.0,0.5663259699412464,8.347661459223938
0.7846576168837923,-0.4684298508669545,0.40606144742269085,-4.305672449929968
-0.023114148545578358,0.7834516983633131,0.6210226827328075,7.53981517265133
-0.28527318899070747,0.3717480344601844,0.8834153080618773,-0.3137421932874065
-0.09677717251741062,0.5642542117657714,0.8199093629079518,2.791392089490931
-0.3162277660168378,0.7071067811865475,0.6324555320336759,-0.19125588039491448
0.19716944316788593,0.6068251492718142,0.7699918498868065,1.874235648087558
-0.48494850643050375,0.7802043707101267,0.39510262721935785,-4.778770911309757
-0.640839961251213,0.7586523001632574,0.11734918627984818,-3.1274457906662603
-0.20303072371134528,0.8910065241883679,0.40606144742269085,5.671039061621121
0.07633927392827285,0.924304600611346,0.37394293755171293,8.189082213887394
-0.06626103977851573,0.9162441751912157,0.39510262721935785,8.446385202809683
0.3662917515307574,0.8649293358632748,0.34311455335448005,0.05499845560605171
-0.06995961957075399,0.9876883405951378,0.13991923914150844,4.000088792176041
-0.6405673300787853,0.301258879093232,0.7063402745159205,-0.35843686300827393
-0.3915526462616189,0.7586523001632575,0.5207045348972125,-2.2612204040506607
-0.5622749595445071,0.5712516591357087,0.5979284336807565,-6.864019664964693
-0.3984702312962002,0.45399049973954675,0.7969404625924006,-2.360738865500608
-0.778382425949054,0.40335534861736433,0.4810667954821137,-2.4240524591234855
0.320819927623878,0.1327924768279024,0.9377850138157042,0.8421694362968442
0.124643657494797,0.38361373268504756,0.9150434212329842,1.0458825454795386
0.5892181092989374,0.1330711041405913,0.7969404625924005,2.7226495518986975
0.6953053823282868,-0.13279247682790246,0.7063402745159205,4.5093596637720195
0.4492988701574292,-0.13307110414059134,0.8834153080618772,1.3128431986311249
0.4099546814539758,-0.39960705170185107,0.8199093629079518,-1.9028183218813381
0.7906632983705688,-0.13165537135206465,0.5979284336807565,6.386167200385507
-0.027154340632230795,-0.346153014788992,0.9377850138157042,1.2307768221859368
0.1812080728619002,-0.13165537135206462,0.9745924776663455,0.8152559032094172
-0.18149531408702682,-0.2960045925777684,0.9377850138157043,0.6010676067205143
0.26539912715560887,-0.386187385587592,0.8834153080618772,-0.15651457793109236
-0.11160570829338312,-0.08108629344330347,0.9904388819568619,0.8803098019720933
0.34115432982196064,-0.620239582613447,0.7063402745159205,-1.6355285434157616
0.19716944316788582,-0.6068251492718142,0.7699918498868065,1.8742356480875613
0.7906632983705689,0.13165537135206454,0.5979284336807564,6.386167200385515
0.6714605745782998,0.3861873855875921,0.6324555320336759,-2.808327116296033
0.6953053823282869,0.13279247682790246,0.7063402745159204,4.509359663772022
0.9357870571299767,0.08108629344330348,0.34311455335448005,7.846305150197595
0.02311414854557845,0.7834516983633131,-0.6210226827328076,-7.539815172651328
-0.19716944316788584,0.6068251492718142,-0.7699918498868065,-1.874235648087559
0.3162277660168381,0.7071067811865476,-0.6324555320336758,0.1912558803949238
0.6405673300787853,0.30125887909323196,-0.7063402745159205,0.3584368630082724
0.3984702312962004,0.4539904997395468,-0.7969404625924004,2.3607388655006107
0.4418016151975666,0.647411893882224,-0.6210226827328076,4.604984445875436
0.7783824259490542,0.4033553486173644,-0.48106679548211356,2.4240524591234847
-0.07633927392827274,0.9243046006113461,-0.3739429375517128,-8.189082213887394
0.0699596195707541,0.9876883405951378,-0.13991923914150833,-4.00008879217604
0.06626103977851584,0.9162441751912158,-0.39510262721935774,-8.446385202809681
-0.3662917515307575,0.8649293358632748,-0.34311455335447993,-0.054998455606048546
0.22868239740661667,0.9663925974024391,0.11742959082841718,2.1553497802634287
0.392638285365008,0.7838430424199712,0.4810667954821137,-1.9791488528186134
0.45399049973954686,0.8910065241883679,6.123233995736766e-17,0.0
0.22661737436890336,0.9638612634676227,-0.14005723980124138,-2.5604732900585225
0.6050523828116507,0.7029070304877734,-0.3739429375517128,7.597069071192833
-0.48153284291921655,0.7926492292592814,-0.3739429375517128,4.438749747022326
-0.45399049973954675,0.8910065241883679,6.123233995736766e-17,0.0
-0.39263828536500794,0.7838430424199714,-0.48106679548211356,1.9791488528186099
-0.8466579155247415,0.5133754412304481,-0.1400572398012416,2.1862199892163283
-0.7530392624941292,0.6474118938822242,0.11742959082841696,-3.1668175654395823
-0.9195516523737802,0.3750385674782098,0.11734918627984796,0.17989656993801528
-0.6371471616157934,0.7579354200477765,-0.13991923914150833,3.670855073623563
-0.6050523828116505,0.7029070304877733,0.37394293755171293,-7.5970690711928315
-0.4418016151975666,0.647411893882224,0.6210226827328075,-4.604984445875437
-0.570266098213617,0.7802043707101268,0.2570558638759921,-5.255729957994632
-0.6667767176556707,0.4844416420606679,0.5663259699412466,-5.833816944534018
-0.3594651887515761,0.8401778853271389,0.40606144742269107,-0.028841133825793452
-0.6879758004770224,0.6015009550075457,-0.40606144742269074,7.8283921425185525
-0.5657965351419252,0.7834516983633132,-0.25705586387599194,5.165325029391585
-0.25468604323737415,0.7838430424199715,-0.5663259699412462,-2.9308187197110045
0.7702182657563849,-0.08224246527936242,-0.6324555320336758,-6.7891490637976535
0.5665434359222584,-0.08232358003196019,-0.8199093629079518,-2.9501208477690435
0.33760223307668913,0.08114185161993961,-0.9377850138157042,-1.08176769675798
0.32632133180347905,-0.2370863253505759,-0.9150434212329842,-0.23348379831223076
0.5549046963364312,0.23867693031959314,-0.7969404625924004,-0.543495153148875
-0.2254319601720688,0.2640827506590656,-0.9377850138157042,-0.45298773811018195
0.06921532479737853,0.2130228656491298,-0.9745924776663455,-0.8975329897216118
-0.012282845708608112,0.4684298508669542,-0.8834153080618773,-2.063728630824232
0.18149531408702702,0.2960045925777687,-0.9377850138157042,-0.6010676067205136
-0.1379522421276337,1.6894277175680727e-17,-0.9904388819568619,-0.8997771429791345
0.7522495076420248,0.22011702747329223,-0.6210226827328076,-3.502207498587564
0.7702182657563849,0.08224246527936221,-0.6324555320336758,-6.789149063797657
0.8047289597833046,0.4844416420606678,-0.34311455335447993,4.1946124212933205
-0.9867151553259831,-0.08232358003196014,0.1400572398012417,3.9424134835964137
-0.8918757806895997,-0.22011702747329231,0.39510262721935785,5.141318079567894
-0.9867151553259831,0.08232358003196014,0.1400572398012417,3.9424134835964137
-0.9195516523737802,-0.3750385674782098,0.11734918627984818,0.17989656993801556
-0.910137504897893,0.08224246527936231,0.40606144742269085,8.314266179123436
-0.7522495076420247,0.22011702747329248,0.6210226827328075,3.5022074985875555
-0.44170765403093815,-0.15643446504023084,0.8834153080618774,1.0584435730145088
-0.5665434359222582,0.08232358003196028,0.8199093629079519,2.9501208477690395
-0.7702182657563845,-0.08224246527936228,0.6324555320336761,6.789149063797653
-0.5161963037564157,0.3750385674782096,0.7699918498868067,-2.4062335175473173
-0.5622749595445071,-0.5712516591357087,0.5979284336807565,-6.864019664964693
-0.7170451308761723,-0.3582287934865791,0.5979284336807565,-1.5272195885062194
-0.5549046963364308,-0.23867693031959317,0.7969404625924007,0.5434951531488711
-0.6241471304261044,-0.6156420208736808,0.4810667954821137,-8.09007369960681
-0.8554757804709293,0.35822879348657893,0.37394293755171293,0.2073602848716055
-0.960966143759122,0.23867693031959314,0.13991923914150844,2.393872770606376
-0.8918757806895997,0.22011702747329231,0.39510262721935785,5.141318079567894
-0.7094063048852371,0.6156420208736809,0.3431145533544798,-7.386697859311174
-0.027154340632230715,0.346153014788992,0.9377850138157042,1.2307768221859368
-0.25336592698569305,0.513375441230448,0.8199093629079518,0.04893926319735964
0.0555202684433465,0.6015009550075455,0.7969404625924006,3.685201973119181
-0.32632133180347905,0.23708632535057592,0.9150434212329842,0.23348379831222998
-0.15979330097660707,0.7579354200477765,0.6324555320336759,5.171710089031075
0.21205645600780793,0.9150434212329841,0.34311455335448005,5.219901189312533
0.18120807286190022,0.1316553713520646,0.9745924776663455,0.8152559032094173
0.4492988701574292,0.13307110414059128,0.8834153080618772,1.3128431986311253
0.22543196017206876,0.2640827506590655,0.9377850138157042,0.45298773811018184
0.04262958722956634,-0.13120037881301272,0.9904388819568619,0.8923412803850294
-0.5067318539713863,0.2664047011345676,-0.8199093629079518,0.2078892626887
-0.7379641782198433,0.26408275065906545,-0.6210226827328076,-1.9280020039971462
-0.6380537211770599,7.813904473235442e-17,-0.7699918498868067,-4.519711080245809
-0.57477875817153,0.5192584897281834,-0.6324555320336758,6.1228223659103245
-0.919947587648251,0.29600459257776895,-0.25705586387599194,-2.382248419507009
-0.8910065241883678,0.45399049973954686,6.123233995736766e-17,0.0
-0.7626973786718573,0.38361373268504784,-0.5207045348972124,1.9317610841653452
-0.9897607241720385,0.08114185161993984,-0.11742959082841685,-3.3500259366186684
-0.9026560464350907,0.2130228656491299,-0.3739429375517128,-5.31762829870508
-0.9177287210243835,0.37174803446018473,-0.13991923914150833,-0.25188085192405696
-0.8509242059765681,0.34615301478899235,-0.39510262721935774,-0.5689400291952795
-0.9357870571299767,-0.08108629344330336,-0.34311455335447993,-7.846305150197597
-0.3086365498903473,0.5192584897281836,-0.7969404625924004,1.013947380339375
-0.47920109316532644,0.6202395826134469,-0.6210226827328076,5.5778969468091475
-0.143080334943991,0.8649293358632749,-0.48106679548211356,-7.188666095262252
-0.3376022330766888,0.08114185161993964,0.9377850138157043,1.081767696757979
-0.5549046963364308,0.23867693031959317,0.7969404625924007,0.5434951531488711
-0.67985212310671,8.325787264561647e-17,0.7333492283402901,5.358166895083159
-0.22398549612904328,2.7430312088986473e-17,0.9745924776663456,0.9483830256814635
-0.7702182657563845,0.08224246527936228,0.6324555320336761,6.789149063797653
-0.8047289597833046,0.4844416420606678,0.34311455335448005,-4.194612421293321
-0.7522495076420247,-0.22011702747329248,0.6210226827328075,3.5022074985875555
-0.8425176355598952,-0.1379522421276338,0.5207045348972125,7.077884152786746
-0.06921532479737834,0.21302286564912976,0.9745924776663455,0.897532989721612
0.012282845708608275,0.46842985086695427,0.8834153080618772,2.063728630824233
0.1379522421276336,0.0,0.9904388819568619,0.8997771429791345
-0.749880743007331,-0.6465777917977316,-0.14005723980124138,3.737897576440987
-0.8484272299459387,-0.5161216200510611,0.11742959082841696,-1.87228100337247
-0.640839961251213,-0.7586523001632574,0.11734918627984818,-3.1274457906662603
-0.9177287210243835,-0.37174803446018473,-0.13991923914150833,-0.25188085192405696
-0.9897607241720385,-0.08114185161993984,-0.11742959082841685,-3.3500259366186684
-0.960966143759122,-0.23867693031959314,0.13991923914150844,2.393872770606376
-0.9718713712324691,1.1901991639627924e-16,-0.23551228795695592,-6.5147244411999425
-0.8554757804709293,-0.35822879348657893,0.37394293755171293,0.2073602848716055
-0.9101375048978929,-0.0822424652793623,0.40606144742269107,8.314266179123438
-0.9182403664697261,-0.3012588790932319,0.2570558638759921,2.235970172276773
-0.6667767176556707,-0.4844416420606679,0.5663259699412466,-5.833816944534018
-0.7379641782198433,-0.26408275065906545,-0.6210226827328076,-1.9280020039971462
-0.9026560464350907,-0.2130228656491299,-0.3739429375517128,-5.31762829870508
-0.7846576168837921,-0.4684298508669545,-0.40606144742269096,4.305672449929972
-0.919947587648251,-0.29600459257776895,-0.25705586387599194,-2.382248419507009
-0.8241813488365936,1.0093310507696824e-16,-0.5663259699412462,-8.347661459223936
-0.32081992762387807,0.13279247682790263,-0.9377850138157042,-0.8421694362968434
-0.5892181092989373,0.13307110414059128,-0.7969404625924006,-2.7226495518986944
-0.18120807286190022,0.13165537135206476,-0.9745924776663455,-0.8152559032094172
-0.3208199276238782,-0.13279247682790235,-0.9377850138157042,-0.8421694362968448
-0.44929887015742914,0.13307110414059128,-0.8834153080618773,-1.3128431986311249
-0.04262958722956636,-0.13120037881301286,-0.9904388819568619,-0.8923412803850294
0.15979330097660707,0.7579354200477767,-0.6324555320336758,-5.171710089031076
-0.08856802901766105,0.7023098467433736,-0.7063402745159205,-5.298645729013565
-0.21205645600780784,0.9150434212329842,-0.3431145533544797,-5.219901189312533
0.5657965351419247,-0.7834516983633134,0.2570558638759921,-5.1653250293915765
0.7071067811865472,-0.7071067811865477,6.123233995736766e-17,0.0
0.8466579155247417,-0.513375441230448,0.14005723980124152,-2.1862199892163225
0.4815328429192164,-0.7926492292592815,0.37394293755171293,-4.438749747022324
0.5892181092989374,-0.1330711041405913,0.7969404625924006,2.7226495518986957
0.8668109360661598,0.1312003788130128,0.4810667954821137,7.4636316456760685
0.3830233708614127,-0.9162441751912158,0.11742959082841696,0.06074562315940136
0.6371471616157931,-0.7579354200477768,0.13991923914150844,-3.6708550736235606
0.2120564560078077,-0.9150434212329841,0.3431145533544798,5.2199011893125355
0.5702660982136171,-0.7802043707101266,-0.25705586387599194,5.255729957994635
0.45399049973954664,-0.8910065241883679,6.123233995736766e-17,0.0
0.39155264626161884,-0.7586523001632575,-0.5207045348972124,2.2612204040506576
0.00276234189316696,-0.9663925974024391,0.2570558638759921,6.956500414909567
0.1564344650402307,-0.9876883405951378,6.123233995736766e-17,0.0
0.1430803349439909,-0.8649293358632748,0.4810667954821137,7.188666095262254
0.3003247700573162,-0.9243046006113461,0.23551228795695603,2.1592311501861445
0.7862604556735509,-0.5712516591357087,-0.23551228795695592,4.88810503244633
0.8910065241883678,-0.4539904997395469,6.123233995736766e-17,0.0
0.778382425949054,-0.4033553486173647,-0.48106679548211356,2.4240524591234975
-0.48494850643050375,-0.7802043707101267,0.39510262721935785,-4.778770911309757
-0.3162277660168378,-0.7071067811865475,0.6324555320336759,-0.19125588039491448
-0.7094063048852371,-0.6156420208736809,0.34311455335448005,-7.386697859311179
-0.44170765403093837,0.1564344650402309,0.8834153080618773,1.0584435730145092
0.04262958722956637,0.13120037881301272,0.9904388819568619,0.8923412803850294
-0.06626103977851593,-0.9162441751912157,0.39510262721935785,8.44638520280968
-0.22661737436890345,-0.9638612634676226,0.1400572398012417,2.560473290058525
-0.3594651887515761,-0.8401778853271389,0.40606144742269107,-0.028841133825793452
0.07252578567308876,-0.9904388819568619,0.11734918627984796,3.384193758940793
0.07633927392827264,-0.924304600611346,0.37394293755171293,8.189082213887396
-0.21008585970186222,-0.6465777917977316,0.7333492283402899,2.1106060777855
-0.7862604556735509,-0.5712516591357087,0.23551228795695603,-4.88810503244633
-0.5239501193103008,-0.840177885327139,0.13991923914150844,-2.3470312642502886
-0.8047289597833046,-0.4844416420606678,0.34311455335448005,-4.194612421293321
0.119116697195416,-0.7926492292592814,0.5979284336807564,6.661846251567649
0.0555202684433465,-0.6015009550075455,0.7969404625924006,3.685201973119181
0.3926382853650078,-0.7838430424199713,0.4810667954821137,-1.9791488528186063
0.18149531408702702,-0.2960045925777687,-0.9377850138157042,-0.6010676067205136
0.09677717251741055,-0.5642542117657714,-0.8199093629079518,-2.791392089490932
0.3984702312962002,-0.45399049973954697,-0.7969404625924004,2.3607388655006094
-0.12464365749479703,-0.38361373268504756,-0.9150434212329842,-1.045882545479538
0.6405673300787852,-0.3012588790932323,-0.7063402745159205,0.3584368630082829
0.44170765403093853,-0.15643446504023087,-0.8834153080618773,-1.05844357301451
0.5665434359222584,0.08232358003196011,-0.8199093629079518,-2.950120847769045
0.7170451308761723,-0.358228793486579,-0.5979284336807565,1.5272195885062163
0.22398549612904362,-4.21810425627623e-17,-0.9745924776663455,-0.9483830256814636
0.44170765403093853,0.1564344650402308,-0.8834153080618773,-1.0584435730145108
-0.04262958722956631,0.13120037881301286,-0.9904388819568619,-0.8923412803850294
0.7170451308761723,0.35822879348657893,-0.5979284336807565,1.5272195885062114
0.5622749595445072,-0.5712516591357089,-0.5979284336807562,6.864019664964698
0.31622776601683794,-0.7071067811865477,-0.6324555320336758,0.1912558803949177
0.4844604110891231,-0.5161216200510612,-0.7063402745159205,4.643992247284672
0.7094063048852374,-0.6156420208736809,-0.3431145533544797,7.386697859311173
-0.38320612883718574,-0.912982492932299,0.1400572398012417,0.04980621434758857
-0.22868239740661675,-0.9663925974024391,-0.11742959082841685,-2.155349780263424
-0.29664599426952404,-0.912982492932299,0.2801144796024833,2.456709841564712
-0.523490774971365,-0.8439114746223904,-0.11734918627984783,1.967198592949232
-0.06995961957075421,-0.9876883405951378,0.13991923914150844,4.00008879217604
-0.6050523828116505,-0.7029070304877733,0.37394293755171293,-7.5970690711928315
0.023114148545578278,-0.7834516983633131,-0.6210226827328076,-7.539815172651328
-0.07633927392827294,-0.9243046006113461,-0.3739429375517128,-8.189082213887392
0.2030307237113452,-0.891006524188368,-0.40606144742269074,-5.671039061621124
-0.0027623418931672704,-0.9663925974024391,-0.25705586387599194,-6.956500414909567
-0.2546860432373743,-0.7838430424199714,-0.5663259699412462,-2.9308187197109974
0.25468604323737404,-0.7838430424199714,0.5663259699412464,2.9308187197110076
-0.20303072371134545,-0.8910065241883678,0.40606144742269107,5.671039061621116
-0.5657965351419252,-0.7834516983633132,-0.25705586387599194,5.165325029391585
-0.7071067811865475,-0.7071067811865476,6.123233995736766e-17,0.0
-0.6005247917852502,-0.6068251492718142,-0.5207045348972124,7.829487387065655
-0.8910065241883678,-0.45399049973954686,6.123233995736766e-17,0.0
-0.7530392624941292,-0.6474118938822242,0.11742959082841718,-3.166817565439588
-0.778382425949054,-0.40335534861736433,0.4810667954821137,-2.4240524591234855
-0.3003247700573165,-0.924304600611346,-0.23551228795695592,-2.159231150186137
-0.1564344650402308,-0.9876883405951378,6.123233995736766e-17,0.0
-0.143080334943991,-0.8649293358632749,-0.48106679548211356,-7.188666095262252
-0.9876883405951377,-0.15643446504023098,6.123233995736766e-17,0.0
-0.86681093606616,-0.13120037881301266,-0.48106679548211356,-7.463631645676073
-0.7071067811865475,0.7071067811865476,6.123233995736766e-17,0.0
-0.8484272299459387,0.5161216200510611,0.11742959082841696,-1.87228100337247
-0.6241471304261044,0.6156420208736808,0.4810667954821137,-8.09007369960681
-0.44929887015742914,-0.13307110414059128,-0.8834153080618773,-1.3128431986311249
-0.40995468145397584,-0.399607051701851,-0.8199093629079518,1.9028183218813361
-0.47920109316532644,-0.6202395826134469,-0.6210226827328076,5.5778969468091475
-0.1971694431678859,-0.6068251492718139,-0.7699918498868067,-1.8742356480875544
-0.6714605745782999,-0.38618738558759225,-0.6324555320336758,2.808327116296035
-0.7906632983705688,0.13165537135206448,-0.5979284336807565,-6.386167200385511
-0.5892181092989373,-0.13307110414059128,-0.7969404625924006,-2.7226495518986944
-0.8668109360661599,0.13120037881301305,-0.48106679548211356,-7.463631645676064
-0.48153284291921655,-0.7926492292592814,-0.3739429375517128,4.438749747022326
-0.6371471616157934,-0.7579354200477765,-0.13991923914150833,3.670855073623563
-0.5921611209220515,-0.7023098467433736,-0.39510262721935774,7.604655955854012
-0.21205645600780781,-0.9150434212329841,-0.34311455335447993,-5.219901189312536
-0.08856802901766105,-0.7023098467433736,-0.7063402745159205,-5.298645729013565
-0.012282845708608216,-0.4684298508669542,-0.8834153080618773,-2.063728630824232
-0.11911669719541625,-0.7926492292592813,-0.5979284336807565,-6.661846251567639
-0.2254319601720689,-0.2640827506590655,-0.9377850138157042,-0.4529877381101817
-0.3086365498903475,-0.5192584897281834,-0.7969404625924004,1.01394738033938
-0.5500119212552171,-0.39960705170185107,-0.7333492283402901,3.1440577051345056
-0.1812080728619,-0.13165537135206434,-0.9745924776663456,-0.8152559032094179
-0.36954009485469486,-0.7112817349622161,-0.5979284336807565,1.9732776633052271
-0.57477875817153,-0.5192584897281834,-0.6324555320336758,6.1228223659103245
-0.34115432982196076,-0.620239582613447,-0.7063402745159205,1.6355285434157636
-0.3662917515307575,-0.8649293358632748,-0.34311455335447993,-0.054998455606048546
-0.7906632983705688,-0.13165537135206448,-0.5979284336807565,-6.386167200385511
0.06921532479737849,-0.2130228656491298,-0.9745924776663455,-0.8975329897216119
0.28527318899070764,-0.3717480344601844,-0.8834153080618773,0.3137421932874074
0.027154340632230847,-0.34615301478899213,-0.9377850138157042,-1.2307768221859365
0.11160570829338326,0.08108629344330348,-0.9904388819568619,-0.8803098019720933
-0.6714605745782999,0.38618738558759225,-0.6324555320336758,2.808327116296035
-0.9357870571299767,0.08108629344330377,-0.34311455335447993,-7.846305150197591
-0.2653991271556089,-0.3861873855875919,-0.8834153080618773,0.15651457793109225
0.11160570829338322,-0.08108629344330354,-0.9904388819568619,-0.8803098019720933
-0.05552026844334655,-0.6015009550075454,-0.7969404625924006,-3.6852019731191774
-0.39263828536500794,-0.7838430424199714,-0.48106679548211356,1.9791488528186099
0.5239501193103008,-0.8401778853271389,-0.13991923914150833,2.3470312642502904
0.8047289597833045,-0.48444164206066814,-0.34311455335447993,4.194612421293329
0.960966143759122,0.23867693031959314,-0.13991923914150833,-2.393872770606376
0.7094063048852373,0.6156420208736807,-0.34311455335447993,7.386697859311178
0.5549046963364311,-0.23867693031959333,-0.7969404625924004,-0.5434951531488708
0.6241471304261043,-0.615642020873681,-0.48106679548211356,8.090073699606812
